posting_id,location,city,state,scope
adzuna_5875204655,"Ator Nagla, Ghaziabad",Unknown,Unknown,Unresolved
adzuna_5874287845,"Ahmedabad, Gujarat",Ahmedabad,Gujarat,City
adzuna_5874134576,"Karnataka, India",Unknown,Karnataka,State
adzuna_5873277903,"Hyderabad, Telangana",Hyderabad,Telangana,City
adzuna_5873204171,India,Nationwide,All India,Nationwide
adzuna_5873073802,"Hyderabad, Telangana",Hyderabad,Telangana,City
adzuna_5873073745,"Bangalore, Karnataka",Bangalore,Karnataka,City
adzuna_5873073596,India,Nationwide,All India,Nationwide
adzuna_5872825731,"Bangalore, Karnataka",Bangalore,Karnataka,City
adzuna_5872266164,India,Nationwide,All India,Nationwide
adzuna_5872200137,"Coimbatore, Tamil Nadu",Coimbatore,Tamil Nadu,City
adzuna_5872098391,India,Nationwide,All India,Nationwide
adzuna_5871993046,"Hyderabad, Telangana",Hyderabad,Telangana,City
adzuna_5871992907,"Hyderabad, Telangana",Hyderabad,Telangana,City
adzuna_5871992384,"Mumbai, Maharashtra",Mumbai,Maharashtra,City
adzuna_5871992217,"Mumbai, Maharashtra",Mumbai,Maharashtra,City
adzuna_5871992153,"Bangalore, Karnataka",Bangalore,Karnataka,City
adzuna_5871991986,"Bangalore, Karnataka",Bangalore,Karnataka,City
adzuna_5871991935,"Bangalore, Karnataka",Bangalore,Karnataka,City
adzuna_5871991896,"Hyderabad, Telangana",Hyderabad,Telangana,City
adzuna_5871991638,"Bangalore, Karnataka",Bangalore,Karnataka,City
adzuna_5871530691,"Pune, Maharashtra",Pune,Maharashtra,City
adzuna_5871352577,India,Nationwide,All India,Nationwide
adzuna_5871276654,"Kolkata, West Bengal",Kolkata,West Bengal,City
adzuna_5870859811,"Bangalore, Karnataka",Bangalore,Karnataka,City
adzuna_5870857169,India,Nationwide,All India,Nationwide
adzuna_5870857069,"Bangalore, Karnataka",Bangalore,Karnataka,City
adzuna_5870857067,"Bangalore, Karnataka",Bangalore,Karnataka,City
adzuna_5870768887,India,Nationwide,All India,Nationwide
adzuna_5870693506,"Bangalore, Karnataka",Bangalore,Karnataka,City
adzuna_5870693437,"Bangalore, Karnataka",Bangalore,Karnataka,City
adzuna_5870528406,India,Nationwide,All India,Nationwide
adzuna_5870528287,"Noida, Ghaziabad",Noida,Unknown,City
adzuna_5870527956,India,Nationwide,All India,Nationwide
adzuna_5870527967,India,Nationwide,All India,Nationwide
adzuna_5870527827,India,Nationwide,All India,Nationwide
adzuna_5870527563,India,Nationwide,All India,Nationwide
adzuna_5870527502,"Bangalore, Karnataka",Bangalore,Karnataka,City
adzuna_5870527464,India,Nationwide,All India,Nationwide
adzuna_5870527304,India,Nationwide,All India,Nationwide
adzuna_5870527270,"Kochi, Ernakulam",Kochi,Unknown,City
adzuna_5869803335,"Hyderabad, Telangana",Hyderabad,Telangana,City
adzuna_5869559140,"Hyderabad, Telangana",Hyderabad,Telangana,City
adzuna_5869558783,"Bangalore, Karnataka",Bangalore,Karnataka,City
adzuna_5869558747,India,Nationwide,All India,Nationwide
adzuna_5868794827,India,Nationwide,All India,Nationwide
adzuna_5868794225,India,Nationwide,All India,Nationwide
adzuna_5868791758,India,Nationwide,All India,Nationwide
adzuna_5868789197,"Vijayawada, Krishna",Vijayawada,Unknown,City
adzuna_5868120206,"Pune, Maharashtra",Pune,Maharashtra,City
adzuna_5867727348,"Mumbai, Maharashtra",Mumbai,Maharashtra,City
adzuna_5867270472,India,Nationwide,All India,Nationwide
adzuna_5867270200,India,Nationwide,All India,Nationwide
adzuna_5867265799,India,Nationwide,All India,Nationwide
adzuna_5867264943,India,Nationwide,All India,Nationwide
adzuna_5867263656,India,Nationwide,All India,Nationwide
adzuna_5867263603,India,Nationwide,All India,Nationwide
adzuna_5867263586,India,Nationwide,All India,Nationwide
adzuna_5867263635,India,Nationwide,All India,Nationwide
adzuna_5867263523,India,Nationwide,All India,Nationwide
adzuna_5867263507,India,Nationwide,All India,Nationwide
adzuna_5867251706,"Mumbai, Maharashtra",Mumbai,Maharashtra,City
adzuna_5867249928,"Noida, Ghaziabad",Noida,Unknown,City
adzuna_5867222082,India,Nationwide,All India,Nationwide
adzuna_5867222059,India,Nationwide,All India,Nationwide
adzuna_5867115068,"Bangalore, Karnataka",Bangalore,Karnataka,City
adzuna_5867038192,"Chennai, Tamil Nadu",Chennai,Tamil Nadu,City
adzuna_5867038166,"Bangalore, Karnataka",Bangalore,Karnataka,City
adzuna_5867037969,India,Nationwide,All India,Nationwide
adzuna_5867037378,India,Nationwide,All India,Nationwide
adzuna_5867036131,"Chennai, Tamil Nadu",Chennai,Tamil Nadu,City
adzuna_5867036118,India,Nationwide,All India,Nationwide
adzuna_5867036109,"Mumbai, Maharashtra",Mumbai,Maharashtra,City
adzuna_5867036086,"Hyderabad, Telangana",Hyderabad,Telangana,City
adzuna_5867036037,India,Nationwide,All India,Nationwide
adzuna_5867036054,"Gujarat, India",Unknown,Gujarat,State
adzuna_5866927385,"Bangalore, Karnataka",Bangalore,Karnataka,City
adzuna_5866922840,"Vadodara, Gujarat",Vadodara,Gujarat,City
adzuna_5866126726,"Gurgaon, Haryana",Gurgaon,Haryana,City
adzuna_5865286055,India,Nationwide,All India,Nationwide
adzuna_5865169472,"Chauth Ka Barwara, Sawai Madhopur",Unknown,Unknown,Unresolved
adzuna_5865065103,"Mumbai, Maharashtra",Mumbai,Maharashtra,City
adzuna_5864594008,India,Nationwide,All India,Nationwide
adzuna_5864443205,India,Nationwide,All India,Nationwide
adzuna_5864443271,India,Nationwide,All India,Nationwide
adzuna_5864443196,India,Nationwide,All India,Nationwide
adzuna_5864442886,India,Nationwide,All India,Nationwide
adzuna_5864442719,"Hyderabad, Telangana",Hyderabad,Telangana,City
adzuna_5864442750,India,Nationwide,All India,Nationwide
adzuna_5864442505,"Bangalore, Karnataka",Bangalore,Karnataka,City
adzuna_5864442476,India,Nationwide,All India,Nationwide
adzuna_5864441497,India,Nationwide,All India,Nationwide
adzuna_5864441282,India,Nationwide,All India,Nationwide
adzuna_5864440835,India,Nationwide,All India,Nationwide
adzuna_5864439916,"Chennai, Tamil Nadu",Chennai,Tamil Nadu,City
adzuna_5864439568,"Chennai, Tamil Nadu",Chennai,Tamil Nadu,City
adzuna_5864439271,"Hyderabad, Telangana",Hyderabad,Telangana,City
adzuna_5864438932,"Chennai, Tamil Nadu",Chennai,Tamil Nadu,City
adzuna_5864438660,"Bangalore, Karnataka",Bangalore,Karnataka,City
adzuna_5864437606,"Chennai, Tamil Nadu",Chennai,Tamil Nadu,City
adzuna_5864437348,"Hyderabad, Telangana",Hyderabad,Telangana,City
adzuna_5864437297,"Chennai, Tamil Nadu",Chennai,Tamil Nadu,City
adzuna_5864437276,"Mumbai, Maharashtra",Mumbai,Maharashtra,City
adzuna_5864437239,"Chennai, Tamil Nadu",Chennai,Tamil Nadu,City
adzuna_5864437013,"Chandigarh, India",Chandigarh,Unknown,City
adzuna_5864436500,"Bangalore, Karnataka",Bangalore,Karnataka,City
adzuna_5864436325,"Bangalore, Karnataka",Bangalore,Karnataka,City
adzuna_5864436299,"Kochi, Ernakulam",Kochi,Unknown,City
adzuna_5864436028,India,Nationwide,All India,Nationwide
adzuna_5864435864,"Barasat, North 24 Parganas",Unknown,Unknown,Unresolved
adzuna_5864435853,"Hyderabad, Telangana",Hyderabad,Telangana,City
adzuna_5864435809,"Bangalore, Karnataka",Bangalore,Karnataka,City
adzuna_5864435640,"Bangalore, Karnataka",Bangalore,Karnataka,City
adzuna_5864434849,"New Delhi, Delhi",Delhi,Delhi,City
adzuna_5864434823,"Hyderabad, Telangana",Hyderabad,Telangana,City
adzuna_5864433680,"Hyderabad, Telangana",Hyderabad,Telangana,City
adzuna_5864433088,"Hyderabad, Telangana",Hyderabad,Telangana,City
adzuna_5864432450,India,Nationwide,All India,Nationwide
adzuna_5864432449,"Chennai, Tamil Nadu",Chennai,Tamil Nadu,City
adzuna_5864432410,India,Nationwide,All India,Nationwide
adzuna_5864431974,India,Nationwide,All India,Nationwide
adzuna_5864431866,"Mumbai, Maharashtra",Mumbai,Maharashtra,City
adzuna_5864431843,"Coimbatore, Tamil Nadu",Coimbatore,Tamil Nadu,City
adzuna_5864431665,"Noida, Ghaziabad",Noida,Unknown,City
adzuna_5864431703,"Bangalore, Karnataka",Bangalore,Karnataka,City
adzuna_5864431325,India,Nationwide,All India,Nationwide
adzuna_5864431152,"Hyderabad, Telangana",Hyderabad,Telangana,City
adzuna_5864430870,India,Nationwide,All India,Nationwide
adzuna_5864430614,"Bangalore, Karnataka",Bangalore,Karnataka,City
adzuna_5864430403,"Mumbai, Maharashtra",Mumbai,Maharashtra,City
adzuna_5864430306,"Mumbai, Maharashtra",Mumbai,Maharashtra,City
adzuna_5864429874,India,Nationwide,All India,Nationwide
adzuna_5864429852,India,Nationwide,All India,Nationwide
adzuna_5864429416,"Bangalore, Karnataka",Bangalore,Karnataka,City
adzuna_5864429089,India,Nationwide,All India,Nationwide
adzuna_5864428871,"Bangalore, Karnataka",Bangalore,Karnataka,City
adzuna_5864428505,"Chennai, Tamil Nadu",Chennai,Tamil Nadu,City
adzuna_5864428383,"Thane, Maharashtra",Thane,Maharashtra,City
adzuna_5864427756,"Noida, Ghaziabad",Noida,Unknown,City
adzuna_5864427373,"Bangalore, Karnataka",Bangalore,Karnataka,City
adzuna_5864427382,"Bangalore, Karnataka",Bangalore,Karnataka,City
adzuna_5864427059,India,Nationwide,All India,Nationwide
adzuna_5864426729,India,Nationwide,All India,Nationwide
adzuna_5864426421,"Hyderabad, Telangana",Hyderabad,Telangana,City
adzuna_5864426422,India,Nationwide,All India,Nationwide
adzuna_5864426328,"Bangalore, Karnataka",Bangalore,Karnataka,City
adzuna_5864425686,India,Nationwide,All India,Nationwide
adzuna_5864425207,"Bangalore, Karnataka",Bangalore,Karnataka,City
adzuna_5864425045,"Hyderabad, Telangana",Hyderabad,Telangana,City
adzuna_5864424975,"Noida, Ghaziabad",Noida,Unknown,City
adzuna_5864424584,"Noida, Ghaziabad",Noida,Unknown,City
adzuna_5864423974,India,Nationwide,All India,Nationwide
adzuna_5864423735,India,Nationwide,All India,Nationwide
adzuna_5864423387,"Hyderabad, Telangana",Hyderabad,Telangana,City
adzuna_5864423408,"Mumbai, Maharashtra",Mumbai,Maharashtra,City
adzuna_5864423371,"Hyderabad, Telangana",Hyderabad,Telangana,City
adzuna_5864422819,"Hyderabad, Telangana",Hyderabad,Telangana,City
adzuna_5864421910,"Noida, Ghaziabad",Noida,Unknown,City
adzuna_5864353425,India,Nationwide,All India,Nationwide
adzuna_5863654715,"Gulmohar Park, South Delhi",Delhi,Delhi,City
adzuna_5862988912,"Bangalore, Karnataka",Bangalore,Karnataka,City
adzuna_5862281099,India,Nationwide,All India,Nationwide
adzuna_5861965986,"Bangalore, Karnataka",Bangalore,Karnataka,City
adzuna_5861793858,"Bangalore, Karnataka",Bangalore,Karnataka,City
adzuna_5861792459,"Bangalore, Karnataka",Bangalore,Karnataka,City
adzuna_5861239081,"Hyderabad, Telangana",Hyderabad,Telangana,City
adzuna_5861238945,"Noida, Ghaziabad",Noida,Unknown,City
adzuna_5861221729,"Noida, Ghaziabad",Noida,Unknown,City
adzuna_5861219353,India,Nationwide,All India,Nationwide
adzuna_5860541729,"Gurgaon, Haryana",Gurgaon,Haryana,City
adzuna_5859582963,"Hyderabad, Telangana",Hyderabad,Telangana,City
adzuna_5859569764,"Bangalore, Karnataka",Bangalore,Karnataka,City
adzuna_5859124126,"Noida, Ghaziabad",Noida,Unknown,City
adzuna_5859122691,"Bangalore, Karnataka",Bangalore,Karnataka,City
adzuna_5859122688,"Bangalore, Karnataka",Bangalore,Karnataka,City
adzuna_5859122632,"Navi Mumbai, Maharashtra",Mumbai,Maharashtra,City
adzuna_5859122647,"Navi Mumbai, Maharashtra",Mumbai,Maharashtra,City
adzuna_5859122633,"Bangalore, Karnataka",Bangalore,Karnataka,City
adzuna_5859122619,"Bangalore, Karnataka",Bangalore,Karnataka,City
adzuna_5859122596,"Navi Mumbai, Maharashtra",Mumbai,Maharashtra,City
adzuna_5859122606,"Navi Mumbai, Maharashtra",Mumbai,Maharashtra,City
adzuna_5859121228,"Bangalore, Karnataka",Bangalore,Karnataka,City
adzuna_5859120231,"Hyderabad, Telangana",Hyderabad,Telangana,City
adzuna_5859120210,"Pune, Maharashtra",Pune,Maharashtra,City
adzuna_5859120187,"Delhi, India",Delhi,Delhi,City
adzuna_5859117504,"Noida, Ghaziabad",Noida,Unknown,City
adzuna_5859054156,India,Nationwide,All India,Nationwide
adzuna_5858724416,"Richmond Town, Bangalore",Bangalore,Unknown,City
adzuna_5858205145,"Sevasi, Vadodara",Vadodara,Unknown,City
adzuna_5858131073,"Delhi, India",Delhi,Delhi,City
adzuna_5857750991,"Bangalore, Karnataka",Bangalore,Karnataka,City
adzuna_5857746715,"Gurgaon, Haryana",Gurgaon,Haryana,City
adzuna_5857745620,"Chennai, Tamil Nadu",Chennai,Tamil Nadu,City
adzuna_5857251178,India,Nationwide,All India,Nationwide
adzuna_5857251181,"Mumbai, Maharashtra",Mumbai,Maharashtra,City
adzuna_5857251168,"Bangalore, Karnataka",Bangalore,Karnataka,City
adzuna_5857251154,India,Nationwide,All India,Nationwide
adzuna_5857001031,"Bangalore, Karnataka",Bangalore,Karnataka,City
adzuna_5856975398,India,Nationwide,All India,Nationwide
adzuna_5856941120,India,Nationwide,All India,Nationwide
adzuna_5856111071,"Chennai, Tamil Nadu",Chennai,Tamil Nadu,City
adzuna_5855248951,India,Nationwide,All India,Nationwide
adzuna_5855007053,"Bangalore, Karnataka",Bangalore,Karnataka,City
adzuna_5854880422,"Bangalore, Karnataka",Bangalore,Karnataka,City
adzuna_5854877634,"Pune, Maharashtra",Pune,Maharashtra,City
adzuna_5854877435,"Pune, Maharashtra",Pune,Maharashtra,City
adzuna_5854537719,"Bangalore, Karnataka",Bangalore,Karnataka,City
adzuna_5852565248,"Bangalore, Karnataka",Bangalore,Karnataka,City
adzuna_5852342307,"Bangalore, Karnataka",Bangalore,Karnataka,City
adzuna_5852164425,"Hyderabad, Telangana",Hyderabad,Telangana,City
adzuna_5852143534,India,Nationwide,All India,Nationwide
adzuna_5851860321,"Bangalore, Karnataka",Bangalore,Karnataka,City
adzuna_5850636017,"Pune, Maharashtra",Pune,Maharashtra,City
adzuna_5850376549,"Lucknow, Uttar Pradesh",Lucknow,Uttar Pradesh,City
adzuna_5850376089,"Gurgaon, Haryana",Gurgaon,Haryana,City
adzuna_5850375378,"Hyderabad, Telangana",Hyderabad,Telangana,City
adzuna_5850375334,"Hyderabad, Telangana",Hyderabad,Telangana,City
adzuna_5850243877,"Chennai, Tamil Nadu",Chennai,Tamil Nadu,City
adzuna_5849923648,"Sanganer, Jaipur",Jaipur,Unknown,City
adzuna_5849858928,"Ajmer, Rajasthan",Ajmer,Rajasthan,City
adzuna_5849703036,India,Nationwide,All India,Nationwide
adzuna_5849685928,"Bangalore, Karnataka",Bangalore,Karnataka,City
adzuna_5849314553,"Bangalore, Karnataka",Bangalore,Karnataka,City
adzuna_5849135077,"Bangalore, Karnataka",Bangalore,Karnataka,City
adzuna_5849135074,"Bangalore, Karnataka",Bangalore,Karnataka,City
adzuna_5849116040,"Bangalore, Karnataka",Bangalore,Karnataka,City
adzuna_5848641964,India,Nationwide,All India,Nationwide
adzuna_5848436882,"Bangalore, Karnataka",Bangalore,Karnataka,City
adzuna_5848369759,"Hyderabad, Telangana",Hyderabad,Telangana,City
adzuna_5848355266,India,Nationwide,All India,Nationwide
adzuna_5848337096,India,Nationwide,All India,Nationwide
adzuna_5847854180,"Bangalore, Karnataka",Bangalore,Karnataka,City
adzuna_5846915514,India,Nationwide,All India,Nationwide
adzuna_5846910026,"Mumbai, Maharashtra",Mumbai,Maharashtra,City
adzuna_5846723666,"Bangalore, Karnataka",Bangalore,Karnataka,City
adzuna_5846723609,"Bangalore, Karnataka",Bangalore,Karnataka,City
adzuna_5846723639,"Hyderabad, Telangana",Hyderabad,Telangana,City
adzuna_5846723089,"Maharashtra, India",Unknown,Maharashtra,State
adzuna_5846549911,"Chennai, Tamil Nadu",Chennai,Tamil Nadu,City
adzuna_5844317861,India,Nationwide,All India,Nationwide
adzuna_5844305490,India,Nationwide,All India,Nationwide
adzuna_5843987293,"Gurgaon, Haryana",Gurgaon,Haryana,City
adzuna_5843987310,"Pune, Maharashtra",Pune,Maharashtra,City
adzuna_5843987300,"Bangalore, Karnataka",Bangalore,Karnataka,City
adzuna_5843986990,"Pune, Maharashtra",Pune,Maharashtra,City
adzuna_5843891866,"Sevasi, Vadodara",Vadodara,Unknown,City
adzuna_5843766857,"Bangalore, Karnataka",Bangalore,Karnataka,City
adzuna_5843766762,"Bangalore, Karnataka",Bangalore,Karnataka,City
adzuna_5843165269,"Pune, Maharashtra",Pune,Maharashtra,City
adzuna_5843155892,"Hyderabad, Telangana",Hyderabad,Telangana,City
adzuna_5842590109,"Gurgaon, Haryana",Gurgaon,Haryana,City
adzuna_5841481304,"Bangalore, Karnataka",Bangalore,Karnataka,City
adzuna_5839585374,"Pune, Maharashtra",Pune,Maharashtra,City
adzuna_5839221139,"Navi Mumbai, Maharashtra",Mumbai,Maharashtra,City
adzuna_5838750293,"New Delhi, Delhi",Delhi,Delhi,City
adzuna_5838750295,"Delhi, India",Delhi,Delhi,City
adzuna_5838433598,India,Nationwide,All India,Nationwide
adzuna_5837139892,India,Nationwide,All India,Nationwide
adzuna_5837139895,India,Nationwide,All India,Nationwide
adzuna_5837139431,India,Nationwide,All India,Nationwide
adzuna_5837019508,"Chennai, Tamil Nadu",Chennai,Tamil Nadu,City
adzuna_5835723885,India,Nationwide,All India,Nationwide
adzuna_5835481791,"Coimbatore, Tamil Nadu",Coimbatore,Tamil Nadu,City
adzuna_5834763905,"Mumbai, Maharashtra",Mumbai,Maharashtra,City
adzuna_5834755860,India,Nationwide,All India,Nationwide
adzuna_5834753332,India,Nationwide,All India,Nationwide
adzuna_5834752688,"Mumbai, Maharashtra",Mumbai,Maharashtra,City
adzuna_5833585588,"Bangalore, Karnataka",Bangalore,Karnataka,City
adzuna_5833582957,"Bangalore, Karnataka",Bangalore,Karnataka,City
adzuna_5832798187,"Lucknow, Uttar Pradesh",Lucknow,Uttar Pradesh,City
adzuna_5832798181,"Patna, Bihar",Patna,Bihar,City
adzuna_5832798167,"Gurgaon, Haryana",Gurgaon,Haryana,City
adzuna_5832798180,"Ahmedabad, Gujarat",Ahmedabad,Gujarat,City
adzuna_5832798159,"Bangalore, Karnataka",Bangalore,Karnataka,City
adzuna_5832798158,"Kolkata, West Bengal",Kolkata,West Bengal,City
adzuna_5832092606,"Bangalore, Karnataka",Bangalore,Karnataka,City
adzuna_5832090086,India,Nationwide,All India,Nationwide
adzuna_5831602194,India,Nationwide,All India,Nationwide
adzuna_5831403235,"Mohali, Punjab",Mohali,Punjab,City
adzuna_5831401994,"Mohali, Punjab",Mohali,Punjab,City
adzuna_5831401587,"Bangalore, Karnataka",Bangalore,Karnataka,City
adzuna_5831397285,"Hyderabad, Telangana",Hyderabad,Telangana,City
adzuna_5831395731,"Pune, Maharashtra",Pune,Maharashtra,City
adzuna_5830641274,"Gurgaon, Haryana",Gurgaon,Haryana,City
adzuna_5826247065,India,Nationwide,All India,Nationwide
adzuna_5824135153,India,Nationwide,All India,Nationwide
adzuna_5824128224,India,Nationwide,All India,Nationwide
adzuna_5822435697,India,Nationwide,All India,Nationwide
adzuna_5822232685,"Chennai, Tamil Nadu",Chennai,Tamil Nadu,City
adzuna_5821857069,"Hyderabad, Telangana",Hyderabad,Telangana,City
adzuna_5821854252,"Bangalore, Karnataka",Bangalore,Karnataka,City
adzuna_5820787704,"Bangalore, Karnataka",Bangalore,Karnataka,City
adzuna_5820582141,"Pune, Maharashtra",Pune,Maharashtra,City
adzuna_5820582124,"Hyderabad, Telangana",Hyderabad,Telangana,City
adzuna_5819884300,India,Nationwide,All India,Nationwide
adzuna_5819873638,"Noida, Ghaziabad",Noida,Unknown,City
adzuna_5819192336,"Chennai, Tamil Nadu",Chennai,Tamil Nadu,City
adzuna_5819192327,"Bangalore, Karnataka",Bangalore,Karnataka,City
adzuna_5818423330,India,Nationwide,All India,Nationwide
adzuna_5818418582,India,Nationwide,All India,Nationwide
adzuna_5817919893,"Bangalore, Karnataka",Bangalore,Karnataka,City
adzuna_5817917669,"Pune, Maharashtra",Pune,Maharashtra,City
adzuna_5817917698,"Bangalore, Karnataka",Bangalore,Karnataka,City
adzuna_5814494533,"Pune, Maharashtra",Pune,Maharashtra,City
adzuna_5814395841,"Pune, Maharashtra",Pune,Maharashtra,City
adzuna_5814395318,India,Nationwide,All India,Nationwide
adzuna_5812905365,"Bangalore, Karnataka",Bangalore,Karnataka,City
adzuna_5811738096,"Mysore, Karnataka",Mysore,Karnataka,City
adzuna_5811736900,"Coimbatore, Tamil Nadu",Coimbatore,Tamil Nadu,City
adzuna_5811736899,"Hyderabad, Telangana",Hyderabad,Telangana,City
adzuna_5811668061,"Indore, Madhya Pradesh",Indore,Unknown,City
adzuna_5811393270,India,Nationwide,All India,Nationwide
adzuna_5810418509,"Pune, Maharashtra",Pune,Maharashtra,City
adzuna_5806704489,"Gurgaon, Haryana",Gurgaon,Haryana,City
adzuna_5806701759,"Hyderabad, Telangana",Hyderabad,Telangana,City
adzuna_5806699864,"Bangalore, Karnataka",Bangalore,Karnataka,City
adzuna_5805315521,India,Nationwide,All India,Nationwide
adzuna_5804445148,"Bangalore, Karnataka",Bangalore,Karnataka,City
adzuna_5803805785,India,Nationwide,All India,Nationwide
adzuna_5802074702,"Hyderabad, Telangana",Hyderabad,Telangana,City
adzuna_5800765376,"Noida, Ghaziabad",Noida,Unknown,City
adzuna_5799158393,"Hyderabad, Telangana",Hyderabad,Telangana,City
adzuna_5798274842,"Hyderabad, Telangana",Hyderabad,Telangana,City
adzuna_5798273575,India,Nationwide,All India,Nationwide
adzuna_5797363610,India,Nationwide,All India,Nationwide
adzuna_5796410882,"Kolkata, West Bengal",Kolkata,West Bengal,City
adzuna_5796410881,"Hyderabad, Telangana",Hyderabad,Telangana,City
adzuna_5796410883,"Pune, Maharashtra",Pune,Maharashtra,City
adzuna_5796410880,"Bangalore, Karnataka",Bangalore,Karnataka,City
adzuna_5796209691,India,Nationwide,All India,Nationwide
adzuna_5793185846,"Bangalore, Karnataka",Bangalore,Karnataka,City
adzuna_5790433770,"Bangalore, Karnataka",Bangalore,Karnataka,City
adzuna_5789394746,"Bangalore, Karnataka",Bangalore,Karnataka,City
adzuna_5787185965,India,Nationwide,All India,Nationwide
adzuna_5784971948,India,Nationwide,All India,Nationwide
adzuna_5784971932,"Bangalore, Karnataka",Bangalore,Karnataka,City
adzuna_5784342169,India,Nationwide,All India,Nationwide
adzuna_5782538634,India,Nationwide,All India,Nationwide
adzuna_5781956391,"Maharashtra, India",Unknown,Maharashtra,State
adzuna_5781956186,"Gujarat, India",Unknown,Gujarat,State
adzuna_5781956227,"Uttar Pradesh, India",Unknown,Uttar Pradesh,State
adzuna_5780531648,"Hyderabad, Telangana",Hyderabad,Telangana,City
adzuna_5778444152,"Hussainialam, Hyderabad",Hyderabad,Unknown,City
adzuna_5775399105,"Bangalore, Karnataka",Bangalore,Karnataka,City
adzuna_5769822950,"Ahmedabad, Gujarat",Ahmedabad,Gujarat,City
adzuna_5768623778,India,Nationwide,All India,Nationwide
adzuna_5762286343,"Bangalore, Karnataka",Bangalore,Karnataka,City
adzuna_5761791107,"Bangalore, Karnataka",Bangalore,Karnataka,City
adzuna_5759267308,"Bangalore, Karnataka",Bangalore,Karnataka,City
adzuna_5759082224,"Bangalore, Karnataka",Bangalore,Karnataka,City
adzuna_5759043518,"Bangalore, Karnataka",Bangalore,Karnataka,City
adzuna_5755736751,"Hyderabad, Telangana",Hyderabad,Telangana,City
adzuna_5753572949,India,Nationwide,All India,Nationwide
adzuna_5744868780,"Bangalore, Karnataka",Bangalore,Karnataka,City
adzuna_5741536696,"Vasai, Thane",Thane,Unknown,City
adzuna_5735463452,"Pune, Maharashtra",Pune,Maharashtra,City
adzuna_5734913126,"Gujarat, India",Unknown,Gujarat,State
adzuna_5732584180,India,Nationwide,All India,Nationwide
adzuna_5729677452,"Pune, Maharashtra",Pune,Maharashtra,City
adzuna_5728459031,"Bangalore, Karnataka",Bangalore,Karnataka,City
adzuna_5728445327,"Delhi, India",Delhi,Delhi,City
adzuna_5728436260,"Kolkata, West Bengal",Kolkata,West Bengal,City
adzuna_5728422548,"Mumbai, Maharashtra",Mumbai,Maharashtra,City
adzuna_5728267279,"Ahmedabad, Gujarat",Ahmedabad,Gujarat,City
adzuna_5727816928,India,Nationwide,All India,Nationwide
adzuna_5727281348,"Vadodara, Gujarat",Vadodara,Gujarat,City
adzuna_5727264729,"Mumbai, Maharashtra",Mumbai,Maharashtra,City
adzuna_5727252233,"Kanpur, Kanpur Dehat",Kanpur,Unknown,City
adzuna_5727195252,"Noida, Ghaziabad",Noida,Unknown,City
adzuna_5727163751,"Mumbai, Maharashtra",Mumbai,Maharashtra,City
adzuna_5727143467,"Ahmedabad, Gujarat",Ahmedabad,Gujarat,City
adzuna_5727098377,"Surat, Gujarat",Surat,Gujarat,City
adzuna_5725371745,India,Nationwide,All India,Nationwide
adzuna_5721222212,"Hyderabad, Telangana",Hyderabad,Telangana,City
adzuna_5715478790,"Bangalore, Karnataka",Bangalore,Karnataka,City
adzuna_5710608933,"Bangalore, Karnataka",Bangalore,Karnataka,City
adzuna_5710497456,"Bangalore, Karnataka",Bangalore,Karnataka,City
adzuna_5709664421,"Bangalore, Karnataka",Bangalore,Karnataka,City
adzuna_5706462425,"Bangalore, Karnataka",Bangalore,Karnataka,City
adzuna_5700497169,"Bangalore, Karnataka",Bangalore,Karnataka,City
adzuna_5681009000,"Bangalore, Karnataka",Bangalore,Karnataka,City
adzuna_5680120020,India,Nationwide,All India,Nationwide
adzuna_5664713683,India,Nationwide,All India,Nationwide
adzuna_5636068235,India,Nationwide,All India,Nationwide
adzuna_5634174711,"Chennai, Tamil Nadu",Chennai,Tamil Nadu,City
adzuna_5607196899,India,Nationwide,All India,Nationwide
adzuna_5604419908,"Mumbai, Maharashtra",Mumbai,Maharashtra,City
adzuna_5602825903,"Vadodara, Gujarat",Vadodara,Gujarat,City
adzuna_5602825896,"Vadodara, Gujarat",Vadodara,Gujarat,City
adzuna_5600377478,India,Nationwide,All India,Nationwide
adzuna_5599249932,India,Nationwide,All India,Nationwide
adzuna_5594451979,India,Nationwide,All India,Nationwide
adzuna_5592093935,"Gujarat, India",Unknown,Gujarat,State
adzuna_5590143347,India,Nationwide,All India,Nationwide
adzuna_5586642440,"Hyderabad, Telangana",Hyderabad,Telangana,City
adzuna_5586566169,"Hyderabad, Telangana",Hyderabad,Telangana,City
adzuna_5586444744,"Hyderabad, Telangana",Hyderabad,Telangana,City
adzuna_5574398026,"Noida, Ghaziabad",Noida,Unknown,City
adzuna_5549594782,India,Nationwide,All India,Nationwide
adzuna_5548655909,"Bangalore, Karnataka",Bangalore,Karnataka,City
adzuna_5543508791,"Pune, Maharashtra",Pune,Maharashtra,City
adzuna_5532438214,India,Nationwide,All India,Nationwide
adzuna_5531896486,"Bangalore, Karnataka",Bangalore,Karnataka,City
adzuna_5522126592,"Bangalore, Karnataka",Bangalore,Karnataka,City
adzuna_5520630121,"Mangalore, Dakshin Kannada",Mangalore,Unknown,City
adzuna_5503837644,"Pune, Maharashtra",Pune,Maharashtra,City
adzuna_5503836577,India,Nationwide,All India,Nationwide
adzuna_5503284671,"Bangalore, Karnataka",Bangalore,Karnataka,City
adzuna_5379021882,"Nagpur, Maharashtra",Nagpur,Maharashtra,City
adzuna_5336689191,"Coimbatore, Tamil Nadu",Coimbatore,Tamil Nadu,City
adzuna_5314053973,"Bangalore, Karnataka",Bangalore,Karnataka,City
adzuna_5294954886,"Bangalore, Karnataka",Bangalore,Karnataka,City
adzuna_5257287584,India,Nationwide,All India,Nationwide
adzuna_5255506978,"Bangalore, Karnataka",Bangalore,Karnataka,City
adzuna_5211779279,"Mumbai, Maharashtra",Mumbai,Maharashtra,City
adzuna_5211779275,"Mumbai, Maharashtra",Mumbai,Maharashtra,City
adzuna_5146507084,"Bangalore, Karnataka",Bangalore,Karnataka,City
adzuna_5114699182,India,Nationwide,All India,Nationwide
adzuna_5111436575,India,Nationwide,All India,Nationwide
adzuna_4993547435,India,Nationwide,All India,Nationwide
adzuna_4992020344,India,Nationwide,All India,Nationwide
adzuna_4988851694,"Bhopal, Madhya Pradesh",Unknown,Unknown,Unresolved
adzuna_4988851226,"Pune, Maharashtra",Pune,Maharashtra,City
adzuna_4966721625,India,Nationwide,All India,Nationwide
adzuna_4928060322,India,Nationwide,All India,Nationwide
adzuna_4874338703,"Mumbai, Maharashtra",Mumbai,Maharashtra,City
adzuna_4855397054,India,Nationwide,All India,Nationwide
adzuna_4830811997,India,Nationwide,All India,Nationwide
adzuna_4801651938,"Bangalore, Karnataka",Bangalore,Karnataka,City
adzuna_4801598617,"Bangalore, Karnataka",Bangalore,Karnataka,City
adzuna_4801558701,"Bangalore, Karnataka",Bangalore,Karnataka,City
adzuna_4801449881,India,Nationwide,All India,Nationwide
adzuna_4739597153,"Naduvathi, Bangalore",Bangalore,Unknown,City
adzuna_4715697356,"Bangalore, Karnataka",Bangalore,Karnataka,City
adzuna_4686707835,"Mumbai, Maharashtra",Mumbai,Maharashtra,City
adzuna_4686707833,"Navi Mumbai, Maharashtra",Mumbai,Maharashtra,City
adzuna_4686707449,"Mumbai, Maharashtra",Mumbai,Maharashtra,City
adzuna_4686706356,"Bangalore, Karnataka",Bangalore,Karnataka,City
adzuna_4686706181,"Mumbai, Maharashtra",Mumbai,Maharashtra,City
adzuna_4686706169,"Gurgaon, Haryana",Gurgaon,Haryana,City
adzuna_4686705015,"Chennai, Tamil Nadu",Chennai,Tamil Nadu,City
adzuna_4686704999,"Hyderabad, Telangana",Hyderabad,Telangana,City
adzuna_4686704927,"Vadodara, Gujarat",Vadodara,Gujarat,City
adzuna_4686704238,"Thiruvananthapuram, Kerala",Thiruvananthapuram,Kerala,City
adzuna_4665943640,"Ahmedabad, Gujarat",Ahmedabad,Gujarat,City
adzuna_4547502405,India,Nationwide,All India,Nationwide
adzuna_4514376622,"Delhi, India",Delhi,Delhi,City
adzuna_4514376189,"Delhi, India",Delhi,Delhi,City
adzuna_4514376058,"Mumbai, Maharashtra",Mumbai,Maharashtra,City
adzuna_4441560027,India,Nationwide,All India,Nationwide
adzuna_4411060128,India,Nationwide,All India,Nationwide
adzuna_4386563730,"Mumbai, Maharashtra",Mumbai,Maharashtra,City
adzuna_4344578568,"Bangalore, Karnataka",Bangalore,Karnataka,City
adzuna_4344577959,"Delhi, India",Delhi,Delhi,City
adzuna_4282822424,"Bangalore, Karnataka",Bangalore,Karnataka,City
adzuna_4158049546,"Hyderabad, Telangana",Hyderabad,Telangana,City
adzuna_3801594068,"Bangalore, Karnataka",Bangalore,Karnataka,City
adzuna_3679469504,"Bangalore, Karnataka",Bangalore,Karnataka,City
adzuna_3529447917,India,Nationwide,All India,Nationwide
adzuna_3337906172,"Jaipur, Rajasthan",Jaipur,Rajasthan,City
adzuna_3189580389,India,Nationwide,All India,Nationwide
adzuna_3025811339,India,Nationwide,All India,Nationwide
adzuna_2953661450,"Noida, Ghaziabad",Noida,Unknown,City
adzuna_2890608757,India,Nationwide,All India,Nationwide
adzuna_2853928283,"Bangalore, Karnataka",Bangalore,Karnataka,City
adzuna_2853928162,"Bangalore, Karnataka",Bangalore,Karnataka,City
adzuna_2853928118,"Noida, Ghaziabad",Noida,Unknown,City
adzuna_2853927974,"Bangalore, Karnataka",Bangalore,Karnataka,City
adzuna_2830210357,"Bangalore, Karnataka",Bangalore,Karnataka,City
adzuna_2830210287,"Bangalore, Karnataka",Bangalore,Karnataka,City
adzuna_2821621318,India,Nationwide,All India,Nationwide
adzuna_2776008869,India,Nationwide,All India,Nationwide
adzuna_2653476396,"Bangalore, Karnataka",Bangalore,Karnataka,City
adzuna_2635526340,"Bangalore, Karnataka",Bangalore,Karnataka,City
adzuna_2631733820,"Kota, Rajasthan",Kota,Rajasthan,City
adzuna_2577819167,"Bangalore, Karnataka",Bangalore,Karnataka,City
adzuna_2572832371,"Bangalore, Karnataka",Bangalore,Karnataka,City
adzuna_2570069948,"Delhi, India",Delhi,Delhi,City
adzuna_2539490267,"Bangalore, Karnataka",Bangalore,Karnataka,City
adzuna_2500155500,"Pune, Maharashtra",Pune,Maharashtra,City
adzuna_2449398766,"Hyderabad, Telangana",Hyderabad,Telangana,City
adzuna_2433361449,"Mumbai, Maharashtra",Mumbai,Maharashtra,City
adzuna_2403881225,"Bangalore, Karnataka",Bangalore,Karnataka,City
adzuna_2398472113,"Mumbai, Maharashtra",Mumbai,Maharashtra,City
adzuna_2398472037,"Mumbai, Maharashtra",Mumbai,Maharashtra,City
adzuna_2346068207,"Mumbai, Maharashtra",Mumbai,Maharashtra,City
adzuna_2247134476,India,Nationwide,All India,Nationwide
adzuna_2177266370,"Bangalore, Karnataka",Bangalore,Karnataka,City
adzuna_1993882092,"Delhi, India",Delhi,Delhi,City
adzuna_1970273576,India,Nationwide,All India,Nationwide
adzuna_1762829126,"Bangalore, Karnataka",Bangalore,Karnataka,City
adzuna_1712428599,"Bangalore, Karnataka",Bangalore,Karnataka,City
adzuna_1422966819,"Bangalore, Karnataka",Bangalore,Karnataka,City
adzuna_1353179357,"Gurgaon, Haryana",Gurgaon,Haryana,City
adzuna_1186076365,"Noida, Ghaziabad",Noida,Unknown,City
adzuna_1186010488,"Bangalore, Karnataka",Bangalore,Karnataka,City
adzuna_1171509680,India,Nationwide,All India,Nationwide
adzuna_1171509599,"Bangalore, Karnataka",Bangalore,Karnataka,City
adzuna_1171507526,"Bangalore, Karnataka",Bangalore,Karnataka,City
adzuna_1155089882,"Pune, Maharashtra",Pune,Maharashtra,City
