posting_id,experience_min,experience_max,experience_bucket,experience_source
adzuna_5875204655,,,Not specified,not_found
adzuna_5874287845,,,Not specified,not_found
adzuna_5874134576,,,Not specified,not_found
adzuna_5873277903,,,Not specified,not_found
adzuna_5873204171,,,Not specified,not_found
adzuna_5873073802,,,Not specified,not_found
adzuna_5873073745,3.0,,3+ years,minimum_requirement
adzuna_5873073596,9.0,9.0,9 years,explicit_single
adzuna_5872825731,,,Not specified,not_found
adzuna_5872266164,,,Not specified,not_found
adzuna_5872200137,,,Not specified,not_found
adzuna_5872098391,,,Not specified,not_found
adzuna_5871993046,7.0,25.0,7-25 years,explicit_range
adzuna_5871992907,,,Not specified,not_found
adzuna_5871992384,,,Not specified,not_found
adzuna_5871992217,,,Not specified,not_found
adzuna_5871992153,,,Not specified,not_found
adzuna_5871991986,,,Not specified,not_found
adzuna_5871991935,,,Not specified,not_found
adzuna_5871991896,,,Not specified,not_found
adzuna_5871991638,,,Not specified,not_found
adzuna_5871530691,,,Not specified,not_found
adzuna_5871352577,,,Not specified,not_found
adzuna_5871276654,,,Not specified,not_found
adzuna_5870859811,,,Not specified,not_found
adzuna_5870857169,,,Not specified,not_found
adzuna_5870857069,,,Not specified,not_found
adzuna_5870857067,,,Not specified,not_found
adzuna_5870768887,,,Not specified,not_found
adzuna_5870693506,,,Not specified,not_found
adzuna_5870693437,,,Not specified,not_found
adzuna_5870528406,,,Not specified,not_found
adzuna_5870528287,,,Not specified,not_found
adzuna_5870527956,,,Not specified,not_found
adzuna_5870527967,,,Not specified,not_found
adzuna_5870527827,,,Not specified,not_found
adzuna_5870527563,,,Not specified,not_found
adzuna_5870527502,,,Not specified,not_found
adzuna_5870527464,2.0,3.0,2-3 years,explicit_range
adzuna_5870527304,,,Not specified,not_found
adzuna_5870527270,2.0,5.0,2-5 years,explicit_range
adzuna_5869803335,,,Not specified,not_found
adzuna_5869559140,,,Not specified,not_found
adzuna_5869558783,,,Not specified,not_found
adzuna_5869558747,,,Not specified,not_found
adzuna_5868794827,,,Not specified,not_found
adzuna_5868794225,,,Not specified,not_found
adzuna_5868791758,,,Not specified,not_found
adzuna_5868789197,5.0,5.0,5 years,explicit_single
adzuna_5868120206,,,Not specified,not_found
adzuna_5867727348,,,Not specified,not_found
adzuna_5867270472,,,Not specified,not_found
adzuna_5867270200,,,Not specified,not_found
adzuna_5867265799,,,Not specified,not_found
adzuna_5867264943,,,Not specified,not_found
adzuna_5867263656,,,Not specified,not_found
adzuna_5867263603,,,Not specified,not_found
adzuna_5867263586,,,Not specified,not_found
adzuna_5867263635,7.0,7.0,7 years,explicit_single
adzuna_5867263523,,,Not specified,not_found
adzuna_5867263507,5.0,10.0,5-10 years,explicit_range
adzuna_5867251706,,,Not specified,not_found
adzuna_5867249928,3.0,6.0,3-6 years,explicit_range
adzuna_5867222082,2.0,4.0,2-4 years,explicit_range
adzuna_5867222059,,,Not specified,not_found
adzuna_5867115068,,,Not specified,not_found
adzuna_5867038192,,,Not specified,not_found
adzuna_5867038166,,,Not specified,not_found
adzuna_5867037969,,,Not specified,not_found
adzuna_5867037378,,,Not specified,not_found
adzuna_5867036131,,,Not specified,not_found
adzuna_5867036118,2.0,5.0,2-5 years,explicit_range
adzuna_5867036109,,,Not specified,not_found
adzuna_5867036086,,,Not specified,not_found
adzuna_5867036037,,,Not specified,not_found
adzuna_5867036054,,,Not specified,not_found
adzuna_5866927385,,,Not specified,not_found
adzuna_5866922840,,,Not specified,not_found
adzuna_5866126726,,,Not specified,not_found
adzuna_5865286055,,,Not specified,not_found
adzuna_5865169472,,,Not specified,not_found
adzuna_5865065103,,,Not specified,not_found
adzuna_5864594008,,,Not specified,not_found
adzuna_5864443205,,,Not specified,not_found
adzuna_5864443271,,,Not specified,not_found
adzuna_5864443196,,,Not specified,not_found
adzuna_5864442886,,,Not specified,not_found
adzuna_5864442719,,,Not specified,not_found
adzuna_5864442750,,,Not specified,not_found
adzuna_5864442505,,,Not specified,not_found
adzuna_5864442476,,,Not specified,not_found
adzuna_5864441497,,,Not specified,not_found
adzuna_5864441282,,,Not specified,not_found
adzuna_5864440835,,,Not specified,not_found
adzuna_5864439916,,,Not specified,not_found
adzuna_5864439568,,,Not specified,not_found
adzuna_5864439271,,,Not specified,not_found
adzuna_5864438932,,,Not specified,not_found
adzuna_5864438660,,,Not specified,not_found
adzuna_5864437606,,,Not specified,not_found
adzuna_5864437348,,,Not specified,not_found
adzuna_5864437297,,,Not specified,not_found
adzuna_5864437276,4.0,7.0,4-7 years,explicit_range
adzuna_5864437239,,,Not specified,not_found
adzuna_5864437013,,,Not specified,not_found
adzuna_5864436500,2.0,4.0,2-4 years,explicit_range
adzuna_5864436325,,,Not specified,not_found
adzuna_5864436299,,,Not specified,not_found
adzuna_5864436028,,,Not specified,not_found
adzuna_5864435864,,,Not specified,not_found
adzuna_5864435853,,,Not specified,not_found
adzuna_5864435809,,,Not specified,not_found
adzuna_5864435640,5.0,7.0,5-7 years,explicit_range
adzuna_5864434849,5.0,8.0,5-8 years,explicit_range
adzuna_5864434823,,,Not specified,not_found
adzuna_5864433680,,,Not specified,not_found
adzuna_5864433088,5.0,7.0,5-7 years,explicit_range
adzuna_5864432450,3.0,7.0,3-7 years,explicit_range
adzuna_5864432449,6.0,,6+ years,minimum_requirement
adzuna_5864432410,0.0,0.0,Fresher,explicit_fresher
adzuna_5864431974,,,Not specified,not_found
adzuna_5864431866,,,Not specified,not_found
adzuna_5864431843,,,Not specified,not_found
adzuna_5864431665,,,Not specified,not_found
adzuna_5864431703,3.0,3.0,3 years,explicit_single
adzuna_5864431325,5.0,8.0,5-8 years,explicit_range
adzuna_5864431152,,,Not specified,not_found
adzuna_5864430870,,,Not specified,not_found
adzuna_5864430614,,,Not specified,not_found
adzuna_5864430403,5.0,7.0,5-7 years,explicit_range
adzuna_5864430306,10.0,17.0,10-17 years,explicit_range
adzuna_5864429874,,,Not specified,not_found
adzuna_5864429852,,,Not specified,not_found
adzuna_5864429416,,,Not specified,not_found
adzuna_5864429089,8.0,12.0,8-12 years,explicit_range
adzuna_5864428871,5.0,10.0,5-10 years,explicit_range
adzuna_5864428505,,,Not specified,not_found
adzuna_5864428383,,,Not specified,not_found
adzuna_5864427756,2.0,6.0,2-6 years,explicit_range
adzuna_5864427373,3.0,5.0,3-5 years,explicit_range
adzuna_5864427382,,,Not specified,not_found
adzuna_5864427059,,,Not specified,not_found
adzuna_5864426729,,,Not specified,not_found
adzuna_5864426421,,,Not specified,not_found
adzuna_5864426422,,,Not specified,not_found
adzuna_5864426328,,,Not specified,not_found
adzuna_5864425686,,,Not specified,not_found
adzuna_5864425207,,,Not specified,not_found
adzuna_5864425045,,,Not specified,not_found
adzuna_5864424975,5.0,8.0,5-8 years,explicit_range
adzuna_5864424584,,,Not specified,not_found
adzuna_5864423974,,,Not specified,not_found
adzuna_5864423735,,,Not specified,not_found
adzuna_5864423387,6.0,8.0,6-8 years,explicit_range
adzuna_5864423408,,,Not specified,not_found
adzuna_5864423371,4.0,15.0,4-15 years,explicit_range
adzuna_5864422819,,,Not specified,not_found
adzuna_5864421910,,,Not specified,not_found
adzuna_5864353425,,,Not specified,not_found
adzuna_5863654715,,,Not specified,not_found
adzuna_5862988912,,,Not specified,not_found
adzuna_5862281099,0.0,0.0,Fresher,explicit_fresher
adzuna_5861965986,,,Not specified,not_found
adzuna_5861793858,7.0,10.0,7-10 years,explicit_range
adzuna_5861792459,,,Not specified,not_found
adzuna_5861239081,,,Not specified,not_found
adzuna_5861238945,1.0,,1+ years,minimum_requirement
adzuna_5861221729,,,Not specified,not_found
adzuna_5861219353,,,Not specified,not_found
adzuna_5860541729,,,Not specified,not_found
adzuna_5859582963,,,Not specified,not_found
adzuna_5859569764,6.0,9.0,6-9 years,explicit_range
adzuna_5859124126,,,Not specified,not_found
adzuna_5859122691,,,Not specified,not_found
adzuna_5859122688,,,Not specified,not_found
adzuna_5859122632,,,Not specified,not_found
adzuna_5859122647,,,Not specified,not_found
adzuna_5859122633,,,Not specified,not_found
adzuna_5859122619,,,Not specified,not_found
adzuna_5859122596,,,Not specified,not_found
adzuna_5859122606,,,Not specified,not_found
adzuna_5859121228,,,Not specified,not_found
adzuna_5859120231,,,Not specified,not_found
adzuna_5859120210,,,Not specified,not_found
adzuna_5859120187,,,Not specified,not_found
adzuna_5859117504,,,Not specified,not_found
adzuna_5859054156,,,Not specified,not_found
adzuna_5858724416,3.0,,3+ years,minimum_requirement
adzuna_5858205145,5.0,6.0,5-6 years,explicit_range
adzuna_5858131073,5.0,7.0,5-7 years,explicit_range
adzuna_5857750991,,,Not specified,not_found
adzuna_5857746715,2.0,2.0,2 years,explicit_single
adzuna_5857745620,,,Not specified,not_found
adzuna_5857251178,,,Not specified,not_found
adzuna_5857251181,,,Not specified,not_found
adzuna_5857251168,,,Not specified,not_found
adzuna_5857251154,,,Not specified,not_found
adzuna_5857001031,,,Not specified,not_found
adzuna_5856975398,,,Not specified,not_found
adzuna_5856941120,,,Not specified,not_found
adzuna_5856111071,,,Not specified,not_found
adzuna_5855248951,,,Not specified,not_found
adzuna_5855007053,,,Not specified,not_found
adzuna_5854880422,,,Not specified,not_found
adzuna_5854877634,,,Not specified,not_found
adzuna_5854877435,,,Not specified,not_found
adzuna_5854537719,,,Not specified,not_found
adzuna_5852565248,,,Not specified,not_found
adzuna_5852342307,7.0,15.0,7-15 years,explicit_range
adzuna_5852164425,,,Not specified,not_found
adzuna_5852143534,,,Not specified,not_found
adzuna_5851860321,,,Not specified,not_found
adzuna_5850636017,,,Not specified,not_found
adzuna_5850376549,,,Not specified,not_found
adzuna_5850376089,,,Not specified,not_found
adzuna_5850375378,,,Not specified,not_found
adzuna_5850375334,,,Not specified,not_found
adzuna_5850243877,,,Not specified,not_found
adzuna_5849923648,,,Not specified,not_found
adzuna_5849858928,,,Not specified,not_found
adzuna_5849703036,,,Not specified,not_found
adzuna_5849685928,,,Not specified,not_found
adzuna_5849314553,,,Not specified,not_found
adzuna_5849135077,,,Not specified,not_found
adzuna_5849135074,,,Not specified,not_found
adzuna_5849116040,,,Not specified,not_found
adzuna_5848641964,,,Not specified,not_found
adzuna_5848436882,,,Not specified,not_found
adzuna_5848369759,,,Not specified,not_found
adzuna_5848355266,,,Not specified,not_found
adzuna_5848337096,,,Not specified,not_found
adzuna_5847854180,,,Not specified,not_found
adzuna_5846915514,,,Not specified,not_found
adzuna_5846910026,,,Not specified,not_found
adzuna_5846723666,,,Not specified,not_found
adzuna_5846723609,,,Not specified,not_found
adzuna_5846723639,,,Not specified,not_found
adzuna_5846723089,,,Not specified,not_found
adzuna_5846549911,,,Not specified,not_found
adzuna_5844317861,,,Not specified,not_found
adzuna_5844305490,,,Not specified,not_found
adzuna_5843987293,,,Not specified,not_found
adzuna_5843987310,,,Not specified,not_found
adzuna_5843987300,,,Not specified,not_found
adzuna_5843986990,,,Not specified,not_found
adzuna_5843891866,,,Not specified,not_found
adzuna_5843766857,,,Not specified,not_found
adzuna_5843766762,,,Not specified,not_found
adzuna_5843165269,,,Not specified,not_found
adzuna_5843155892,,,Not specified,not_found
adzuna_5842590109,,,Not specified,not_found
adzuna_5841481304,,,Not specified,not_found
adzuna_5839585374,,,Not specified,not_found
adzuna_5839221139,,,Not specified,not_found
adzuna_5838750293,,,Not specified,not_found
adzuna_5838750295,,,Not specified,not_found
adzuna_5838433598,,,Not specified,not_found
adzuna_5837139892,,,Not specified,not_found
adzuna_5837139895,,,Not specified,not_found
adzuna_5837139431,,,Not specified,not_found
adzuna_5837019508,,,Not specified,not_found
adzuna_5835723885,,,Not specified,not_found
adzuna_5835481791,,,Not specified,not_found
adzuna_5834763905,,,Not specified,not_found
adzuna_5834755860,,,Not specified,not_found
adzuna_5834753332,,,Not specified,not_found
adzuna_5834752688,,,Not specified,not_found
adzuna_5833585588,,,Not specified,not_found
adzuna_5833582957,,,Not specified,not_found
adzuna_5832798187,0.0,1.0,0-1 years,explicit_range
adzuna_5832798181,0.0,1.0,0-1 years,explicit_range
adzuna_5832798167,0.0,1.0,0-1 years,explicit_range
adzuna_5832798180,0.0,1.0,0-1 years,explicit_range
adzuna_5832798159,0.0,1.0,0-1 years,explicit_range
adzuna_5832798158,0.0,1.0,0-1 years,explicit_range
adzuna_5832092606,,,Not specified,not_found
adzuna_5832090086,,,Not specified,not_found
adzuna_5831602194,,,Not specified,not_found
adzuna_5831403235,,,Not specified,not_found
adzuna_5831401994,,,Not specified,not_found
adzuna_5831401587,5.0,8.0,5-8 years,explicit_range
adzuna_5831397285,,,Not specified,not_found
adzuna_5831395731,,,Not specified,not_found
adzuna_5830641274,,,Not specified,not_found
adzuna_5826247065,,,Not specified,not_found
adzuna_5824135153,,,Not specified,not_found
adzuna_5824128224,,,Not specified,not_found
adzuna_5822435697,2.0,5.0,2-5 years,explicit_range
adzuna_5822232685,,,Not specified,not_found
adzuna_5821857069,,,Not specified,not_found
adzuna_5821854252,,,Not specified,not_found
adzuna_5820787704,,,Not specified,not_found
adzuna_5820582141,3.0,8.0,3-8 years,explicit_range
adzuna_5820582124,6.0,10.0,6-10 years,explicit_range
adzuna_5819884300,2.0,5.0,2-5 years,explicit_range
adzuna_5819873638,2.0,5.0,2-5 years,explicit_range
adzuna_5819192336,,,Not specified,not_found
adzuna_5819192327,,,Not specified,not_found
adzuna_5818423330,,,Not specified,not_found
adzuna_5818418582,,,Not specified,not_found
adzuna_5817919893,,,Not specified,not_found
adzuna_5817917669,,,Not specified,not_found
adzuna_5817917698,,,Not specified,not_found
adzuna_5814494533,,,Not specified,not_found
adzuna_5814395841,,,Not specified,not_found
adzuna_5814395318,,,Not specified,not_found
adzuna_5812905365,,,Not specified,not_found
adzuna_5811738096,1.0,2.0,1-2 years,explicit_range
adzuna_5811736900,10.0,10.0,10 years,explicit_single
adzuna_5811736899,10.0,10.0,10 years,explicit_single
adzuna_5811668061,,,Not specified,not_found
adzuna_5811393270,,,Not specified,not_found
adzuna_5810418509,,,Not specified,not_found
adzuna_5806704489,,,Not specified,not_found
adzuna_5806701759,,,Not specified,not_found
adzuna_5806699864,4.0,5.0,4-5 years,explicit_range
adzuna_5805315521,,,Not specified,not_found
adzuna_5804445148,,,Not specified,not_found
adzuna_5803805785,,,Not specified,not_found
adzuna_5802074702,,,Not specified,not_found
adzuna_5800765376,1.0,3.0,1-3 years,explicit_range
adzuna_5799158393,,,Not specified,not_found
adzuna_5798274842,,,Not specified,not_found
adzuna_5798273575,,,Not specified,not_found
adzuna_5797363610,,,Not specified,not_found
adzuna_5796410882,,,Not specified,not_found
adzuna_5796410881,,,Not specified,not_found
adzuna_5796410883,,,Not specified,not_found
adzuna_5796410880,,,Not specified,not_found
adzuna_5796209691,3.0,6.0,3-6 years,explicit_range
adzuna_5793185846,,,Not specified,not_found
adzuna_5790433770,,,Not specified,not_found
adzuna_5789394746,,,Not specified,not_found
adzuna_5787185965,,,Not specified,not_found
adzuna_5784971948,,,Not specified,not_found
adzuna_5784971932,,,Not specified,not_found
adzuna_5784342169,,,Not specified,not_found
adzuna_5782538634,,,Not specified,not_found
adzuna_5781956391,,,Not specified,not_found
adzuna_5781956186,,,Not specified,not_found
adzuna_5781956227,8.0,8.0,8 years,explicit_single
adzuna_5780531648,,,Not specified,not_found
adzuna_5778444152,,,Not specified,not_found
adzuna_5775399105,,,Not specified,not_found
adzuna_5769822950,5.0,8.0,5-8 years,explicit_range
adzuna_5768623778,,,Not specified,not_found
adzuna_5762286343,2.0,2.0,2 years,explicit_single
adzuna_5761791107,0.0,1.0,0-1 years,explicit_range
adzuna_5759267308,2.0,5.0,2-5 years,explicit_range
adzuna_5759082224,,,Not specified,not_found
adzuna_5759043518,,,Not specified,not_found
adzuna_5755736751,,,Not specified,not_found
adzuna_5753572949,,,Not specified,not_found
adzuna_5744868780,,,Not specified,not_found
adzuna_5741536696,,,Not specified,not_found
adzuna_5735463452,,,Not specified,not_found
adzuna_5734913126,,,Not specified,not_found
adzuna_5732584180,,,Not specified,not_found
adzuna_5729677452,,,Not specified,not_found
adzuna_5728459031,1.0,2.0,1-2 years,explicit_range
adzuna_5728445327,,,Not specified,not_found
adzuna_5728436260,,,Not specified,not_found
adzuna_5728422548,,,Not specified,not_found
adzuna_5728267279,,,Not specified,not_found
adzuna_5727816928,5.0,5.0,5 years,explicit_single
adzuna_5727281348,,,Not specified,not_found
adzuna_5727264729,2.0,3.0,2-3 years,explicit_range
adzuna_5727252233,,,Not specified,not_found
adzuna_5727195252,,,Not specified,not_found
adzuna_5727163751,2.0,4.0,2-4 years,explicit_range
adzuna_5727143467,,,Not specified,not_found
adzuna_5727098377,,,Not specified,not_found
adzuna_5725371745,,,Not specified,not_found
adzuna_5721222212,,,Not specified,not_found
adzuna_5715478790,,,Not specified,not_found
adzuna_5710608933,,,Not specified,not_found
adzuna_5710497456,,,Not specified,not_found
adzuna_5709664421,,,Not specified,not_found
adzuna_5706462425,,,Not specified,not_found
adzuna_5700497169,,,Not specified,not_found
adzuna_5681009000,2.0,5.0,2-5 years,explicit_range
adzuna_5680120020,,,Not specified,not_found
adzuna_5664713683,,,Not specified,not_found
adzuna_5636068235,1.0,1.0,1 years,explicit_single
adzuna_5634174711,,,Not specified,not_found
adzuna_5607196899,,,Not specified,not_found
adzuna_5604419908,2.0,2.0,2 years,explicit_single
adzuna_5602825903,,,Not specified,not_found
adzuna_5602825896,,,Not specified,not_found
adzuna_5600377478,,,Not specified,not_found
adzuna_5599249932,,,Not specified,not_found
adzuna_5594451979,3.0,6.0,3-6 years,explicit_range
adzuna_5592093935,3.0,5.0,3-5 years,explicit_range
adzuna_5590143347,,,Not specified,not_found
adzuna_5586642440,,,Not specified,not_found
adzuna_5586566169,,,Not specified,not_found
adzuna_5586444744,,,Not specified,not_found
adzuna_5574398026,,,Not specified,not_found
adzuna_5549594782,,,Not specified,not_found
adzuna_5548655909,,,Not specified,not_found
adzuna_5543508791,,,Not specified,not_found
adzuna_5532438214,,,Not specified,not_found
adzuna_5531896486,,,Not specified,not_found
adzuna_5522126592,,,Not specified,not_found
adzuna_5520630121,,,Not specified,not_found
adzuna_5503837644,,,Not specified,not_found
adzuna_5503836577,,,Not specified,not_found
adzuna_5503284671,,,Not specified,not_found
adzuna_5379021882,,,Not specified,not_found
adzuna_5336689191,,,Not specified,not_found
adzuna_5314053973,,,Not specified,not_found
adzuna_5294954886,2.0,,2+ years,minimum_requirement
adzuna_5257287584,,,Not specified,not_found
adzuna_5255506978,5.0,8.0,5-8 years,explicit_range
adzuna_5211779279,,,Not specified,not_found
adzuna_5211779275,,,Not specified,not_found
adzuna_5146507084,,,Not specified,not_found
adzuna_5114699182,,,Not specified,not_found
adzuna_5111436575,,,Not specified,not_found
adzuna_4993547435,1.0,3.0,1-3 years,explicit_range
adzuna_4992020344,,,Not specified,not_found
adzuna_4988851694,,,Not specified,not_found
adzuna_4988851226,5.0,8.0,5-8 years,explicit_range
adzuna_4966721625,2.0,4.0,2-4 years,explicit_range
adzuna_4928060322,8.0,8.0,8 years,explicit_single
adzuna_4874338703,,,Not specified,not_found
adzuna_4855397054,,,Not specified,not_found
adzuna_4830811997,,,Not specified,not_found
adzuna_4801651938,,,Not specified,not_found
adzuna_4801598617,,,Not specified,not_found
adzuna_4801558701,,,Not specified,not_found
adzuna_4801449881,,,Not specified,not_found
adzuna_4739597153,2.0,,2+ years,minimum_requirement
adzuna_4715697356,3.0,6.0,3-6 years,explicit_range
adzuna_4686707835,,,Not specified,not_found
adzuna_4686707833,0.0,1.0,0-1 years,explicit_range
adzuna_4686707449,,,Not specified,not_found
adzuna_4686706356,,,Not specified,not_found
adzuna_4686706181,,,Not specified,not_found
adzuna_4686706169,,,Not specified,not_found
adzuna_4686705015,,,Not specified,not_found
adzuna_4686704999,,,Not specified,not_found
adzuna_4686704927,,,Not specified,not_found
adzuna_4686704238,,,Not specified,not_found
adzuna_4665943640,,,Not specified,not_found
adzuna_4547502405,,,Not specified,not_found
adzuna_4514376622,,,Not specified,not_found
adzuna_4514376189,,,Not specified,not_found
adzuna_4514376058,,,Not specified,not_found
adzuna_4441560027,,,Not specified,not_found
adzuna_4411060128,,,Not specified,not_found
adzuna_4386563730,,,Not specified,not_found
adzuna_4344578568,,,Not specified,not_found
adzuna_4344577959,,,Not specified,not_found
adzuna_4282822424,,,Not specified,not_found
adzuna_4158049546,,,Not specified,not_found
adzuna_3801594068,,,Not specified,not_found
adzuna_3679469504,,,Not specified,not_found
adzuna_3529447917,,,Not specified,not_found
adzuna_3337906172,,,Not specified,not_found
adzuna_3189580389,,,Not specified,not_found
adzuna_3025811339,,,Not specified,not_found
adzuna_2953661450,,,Not specified,not_found
adzuna_2890608757,,,Not specified,not_found
adzuna_2853928283,,,Not specified,not_found
adzuna_2853928162,,,Not specified,not_found
adzuna_2853928118,,,Not specified,not_found
adzuna_2853927974,,,Not specified,not_found
adzuna_2830210357,,,Not specified,not_found
adzuna_2830210287,2.0,4.0,2-4 years,explicit_range
adzuna_2821621318,,,Not specified,not_found
adzuna_2776008869,,,Not specified,not_found
adzuna_2653476396,,,Not specified,not_found
adzuna_2635526340,,,Not specified,not_found
adzuna_2631733820,,,Not specified,not_found
adzuna_2577819167,,,Not specified,not_found
adzuna_2572832371,,,Not specified,not_found
adzuna_2570069948,,,Not specified,not_found
adzuna_2539490267,,,Not specified,not_found
adzuna_2500155500,,,Not specified,not_found
adzuna_2449398766,,,Not specified,not_found
adzuna_2433361449,,,Not specified,not_found
adzuna_2403881225,,,Not specified,not_found
adzuna_2398472113,,,Not specified,not_found
adzuna_2398472037,,,Not specified,not_found
adzuna_2346068207,,,Not specified,not_found
adzuna_2247134476,,,Not specified,not_found
adzuna_2177266370,,,Not specified,not_found
adzuna_1993882092,,,Not specified,not_found
adzuna_1970273576,2.0,4.0,2-4 years,explicit_range
adzuna_1762829126,,,Not specified,not_found
adzuna_1712428599,,,Not specified,not_found
adzuna_1422966819,,,Not specified,not_found
adzuna_1353179357,,,Not specified,not_found
adzuna_1186076365,,,Not specified,not_found
adzuna_1186010488,,,Not specified,not_found
adzuna_1171509680,,,Not specified,not_found
adzuna_1171509599,,,Not specified,not_found
adzuna_1171507526,,,Not specified,not_found
adzuna_1155089882,,,Not specified,not_found
